[
    {
        "answer": "B",
        "reasoning": "Assume B is a truth-teller. Then C is a liar. If C is a liar, D is a liar. If D is a liar, A is a truth-teller. This gives us two truth-tellers (A and B) and two liars (C and D), satisfying the condition. If B is a liar, then C is a truth-teller. If C is a truth-teller, D is a truth-teller. If D is a truth-teller, A is a liar. This gives us three truth-tellers (B is liar), which is impossible. Thus, B must be the truth-teller."
    },
    {
        "answer": "A",
        "reasoning": "Ravi's mother's brother's only daughter is Ravi's aunt. Ravi's paternal aunt's son is Ravi's cousin."
    },
    {
        "answer": "A",
        "reasoning": "The British person is two seats to the left of the coffee drinker, so the coffee drinker is the British person."
    },
    {
        "answer": "D",
        "reasoning": "By analyzing the given conditions, D is identified as the coffee lover."
    },
    {
        "answer": "B",
        "reasoning": "Assume B is a truth-teller. Then C is a liar. This means D is a liar, making A a truth-teller. This satisfies the condition of exactly two truth-tellers. If B is a liar, then C is a truth-teller, making D a truth-teller, and A a liar, which also satisfies the condition of exactly two truth-tellers. However, since B is a liar, A's statement is false, and D's statement is true, meaning A is a liar and D is a truth-teller, which is consistent with B being a liar. Therefore, B and C are the truth-tellers."
    },
    {
        "answer": "C",
        "reasoning": "The person who likes mangoes is seated third to the left of the person who likes oranges, and the person who likes strawberries is seated two seats to the right of the person who likes bananas. Therefore, the person who likes strawberries is seated two seats to the left of the person who likes mangoes."
    },
    {
        "answer": "C",
        "reasoning": "The person who likes grapes is seated two seats to the right of the person who likes apples, and the person who likes bananas is seated directly opposite the person who likes grapes."
    },
    {
        "answer": "B",
        "reasoning": "Priya said to Ravi, 'I have a brother whose only sister is my mother's only daughter.' This means that Ravi is a sister to Priya."
    },
    {
        "answer": "A",
        "reasoning": "The daughter-in-law is Ravi's sister's daughter, so Ravi is her cousin."
    },
    {
        "answer": "A",
        "reasoning": "A is the grandmother of Z, as A is the mother of Y, and Y is the mother of Z."
    },
    {
        "answer": "B",
        "reasoning": "The man is Ravi's paternal uncle."
    },
    {
        "answer": "A",
        "reasoning": "The juice lover is between the coffee and tea lovers. The milk lover is adjacent to the juice lover, so the tea lover is seated between the milk and coffee lovers."
    },
    {
        "answer": "C",
        "reasoning": "If C is a truth-teller, D is a truth-teller. This means B is a liar, and A is a liar. This satisfies the condition of exactly two truth-tellers (C and D) and two liars (A and B). If C is a liar, then D is a liar, meaning B is a truth-teller, and A is a truth-teller. This contradicts the condition of exactly two truth-tellers."
    },
    {
        "answer": "B",
        "reasoning": "Using the given conditions, we can deduce the seating arrangement. Starting with A and B, we find that B is two seats to the right of G."
    },
    {
        "answer": "A",
        "reasoning": "The person who likes apples is seated between the person who likes strawberries and the person who likes bananas."
    },
    {
        "answer": "B",
        "reasoning": "Ravi's paternal grandfather is the father of Ravi's father, making him Ravi's grandfather."
    },
    {
        "answer": "D",
        "reasoning": "Z is the brother of Y, and Y is the son of X's paternal grandmother. Therefore, Z is the uncle of X."
    },
    {
        "answer": "B",
        "reasoning": "The person who likes oranges is seated between apples and bananas, so they must be two seats to the left of bananas."
    },
    {
        "answer": "C",
        "reasoning": "The person who likes jazz is seated directly opposite the person who likes cricket, and the person who likes football is seated three seats to the left of the person who likes jazz, so the person who likes football is seated three seats to the right of the person who likes jazz."
    }
]