[
    "{\n  \"topic\": \"Truth-teller and Liar Problems\",\n  \"question\": \"On an island, four inhabitants A, B, C, and D make statements: A says, 'B is a truth-teller.' B says, 'C is a liar.' C says, 'D is a truth-teller.' D says, 'A is a liar.' If exactly two are truth-tellers and two are liars, who is the truth-teller?\",\n  \"choices\": [\"A) A\", \"B) B\", \"C) C\", \"D) D\"],\n  \"answer\": \"D\",\n  \"explanation\": \"D's statement is true if A is a liar. If A is a liar, then B is a liar, making C's statement false, so C is a liar. This results in D being the only truth-teller, contradicting the two truth-tellers condition. Correct analysis shows D must be a truth-teller, making A, B, and C liars, satisfying the two-liar condition.\"\n}",
    "{\n  \"topic\": \"Blood Relations and Family Tree/Puzzles involving generations and family tree logic\",\n  \"question\": \"In a family tree, Ravi says, 'My mother's brother's only daughter is the sister-in-law of my paternal aunt's son.' How is Ravi related to the son of his paternal aunt?\",\n  \"choices\": [\"A) A) Cousin\", \"B) B) Nephew\", \"C) C) Brother\", \"D) D) Uncle\"],\n  \"answer\": \"B\",\n  \"explanation\": \"Ravi's mother's brother is his maternal uncle. His maternal uncle's only daughter is Ravi's maternal aunt. The son of Ravi's paternal aunt is Ravi's cousin. Since the sister-in-law of Ravi's paternal aunt's son is Ravi's maternal aunt, the son is Ravi's cousin. Thus, Ravi is the nephew of the son.\"\n}",
    "{\n  \"topic\": \"Seating Arrangements (Linear, Circular)\",\n  \"question\": \"Eight people (A-H) sit around a circular table. The British person is two seats to the left of the coffee drinker. The Japanese person is adjacent to the tea drinker. The American is two seats to the right of the milk drinker. The Brazilian is opposite the juice drinker. The Chinese is adjacent to the milk drinker. The Italian is two seats to the right of the tea drinker. Who drinks coffee?\",\n  \"choices\": [\"A) British\", \"B) Japanese\", \"C) Chinese\", \"D) Brazilian\"],\n  \"answer\": \"D\",\n  \"explanation\": \"The Brazilian must be the coffee drinker. The Japanese is adjacent to tea, and the Italian is two seats right of tea, forcing tea to be between Japanese and Italian. The British is two left of coffee, and the American is two right of milk, with Chinese adjacent to milk. Only Brazilian fits opposite juice, resolving all constraints.\"\n}",
    "{\n  \"topic\": \"Seating Arrangements (Linear, Circular)\",\n  \"question\": \"Eight people (A-H) are seated in a circular table. A is two seats to the left of B. C is directly opposite D. E is adjacent to F, who is two seats to the right of G. H is not adjacent to A. The person who likes tea is two seats to the left of the person who likes coffee. The person who likes juice is adjacent to the tea lover. The person who likes milk is directly opposite the juice lover. Who is the coffee lover?\",\n  \"choices\": [\"A) A\", \"B) B\", \"C) C\", \"D) D\"],\n  \"answer\": \"C\",\n  \"explanation\": \"C is directly opposite D, so D cannot be the juice lover (milk is opposite juice). E is adjacent to F, who is two right of G, placing G, F, E in sequence. A is two left of B, so A and B are separated by one seat. H is not adjacent to A, limiting H's position. Tea is two left of coffee, and juice is adjacent to tea. Milk is opposite juice. Only C fits as coffee lover without conflicting constraints.\"\n}",
    "{\n  \"topic\": \"Puzzles involving generations and family tree logic\",\n  \"question\": \"In a family tree, if X is the father of Y, Y is the mother of Z, and Z is the son of W, who is the daughter of V, and V is the brother of U, who is the son of T, and T is the sister of S, who is the mother of R, and R is the brother of Q, who is the daughter of P, and P is the son of O, and O is the brother of N, who is the daughter of M, and M is the sister of L, who is the son of K, and K is the father of J, and J is the mother of I, and I is the daughter of H, and H is the son of G, and G is the brother of F, who is the mother of E, and E is the son of D, and D is the daughter of C, and C is the sister of B, who is the son of A, and A is the father of X, how is X related to I?\",\n  \"choices\": [\"A) Grandfather\", \"B) Maternal Grandfather\", \"C) Uncle\", \"D) Cousin\"],\n  \"answer\": \"B\",\n  \"explanation\": \"X is A's son, making X A's son. I is H's daughter, and H is G's son. G is F's brother, F is E's mother, E is D's son, D is C's daughter, C is B's sister, B is A's son. Thus, X is A's son, and I is H's daughter, making X the maternal grandfather of I.\"\n}",
    "{\n  \"topic\": \"Truth-teller and Liar Problems\",\n  \"question\": \"On an island, four inhabitants A, B, C, and D make statements: A says, 'B is a truth-teller.' B says, 'C is a liar.' C says, 'D is a truth-teller.' D says, 'A is a liar.' If exactly two are truth-tellers, who are they?\",\n  \"choices\": [\"A) A and B\", \"B) B and C\", \"C) C and D\", \"D) A and D\"],\n  \"answer\": \"C\",\n  \"explanation\": \"C and D's statements are consistent with each other. If C is a truth-teller, D is a truth-teller, making B and A liars. This satisfies the condition of exactly two truth-tellers.\"\n}",
    "{\n  \"topic\": \"Seating Arrangements (Linear, Circular)\",\n  \"question\": \"Eight people sit in a circular table. The person who likes mangoes is seated third to the left of the person who likes oranges. The person who likes grapes is seated two seats apart from the person who likes apples. The person who likes bananas is seated directly between the person who likes mangoes and the person who likes oranges. The person who likes strawberries is seated two seats to the right of the person who likes bananas. Who is seated two seats to the left of the person who likes strawberries?\",\n  \"choices\": [\"A) Person who likes apples\", \"B) Person who likes grapes\", \"C) Person who likes mangoes\", \"D) Person who likes oranges\"],\n  \"answer\": \"D\",\n  \"explanation\": \"The banana lover is between mango and orange. Strawberries are two right of bananas, so strawberries are two right of mango/orange. Two left of strawberries would be two left of that position, which aligns with the orange position due to circular symmetry.\"\n}",
    "{\n  \"topic\": \"Seating Arrangements (Linear, Circular)\",\n  \"question\": \"Eight people (A-H) sit around a circular table. The person who likes mangoes is seated third to the left of the person who likes pineapples. The person who likes oranges is seated between the mango lover and the pineapple lover. The person who likes grapes is seated two seats to the right of the person who likes apples. The person who likes bananas is seated directly opposite the person who likes grapes. The person who likes cherries is seated two seats to the left of the person who likes pineapples. Who likes grapes?\",\n  \"choices\": [\"A) A) A\", \"B) B) C\", \"C) C) E\", \"D) D) G\"],\n  \"answer\": \"D\",\n  \"explanation\": \"The grape lover (D) is directly opposite the banana lover. The pineapple lover is two seats to the right of the mango lover, and the orange lover is between them. The cherry lover is two seats left of the pineapple lover, forming a chain. Only G satisfies all constraints as the grape lover must be opposite the banana lover, and the only position left for G is directly opposite the banana lover.\"\n}",
    "{\n  \"topic\": \"Blood Relations and Family Tree/Puzzles involving generations and family tree logic\",\n  \"question\": \"In a family, Ravi said to Priya, 'I have a sister whose only brother is my father's only son.' Priya said to Ravi, 'I have a brother whose only sister is my mother's only daughter.' How are Ravi and Priya related?\",\n  \"choices\": [\"A) A) Cousins\", \"B) B) Sisters\", \"C) C) Brothers\", \"D) D) Uncle and Niece\"],\n  \"answer\": \"C\",\n  \"explanation\": \"Ravi's sister's only brother is Ravi himself, making Ravi the son of Ravi's sister's father. Priya's brother's only sister is Priya, making Priya the daughter of Priya's brother's mother. Thus, Ravi and Priya share the same parents, making them brothers.\"\n}",
    "{\n  \"topic\": \"Blood Relations and Family Tree/Puzzles involving generations and family tree logic\",\n  \"question\": \"In a family tree, Ravi says, 'The sister of my mother's only son is the daughter-in-law of my maternal grandfather's only son.' How is Ravi related to the daughter-in-law mentioned?\",\n  \"choices\": [\"A) A) Cousin\", \"B) B) Nephew\", \"C) C) Brother\", \"D) D) Uncle\"],\n  \"answer\": \"B\",\n  \"explanation\": \"Ravi's mother's only son is Ravi himself. The sister of Ravi is Ravi's sister. The maternal grandfather's only son is Ravi's maternal uncle. The daughter-in-law of Ravi's maternal uncle is Ravi's aunt. Therefore, Ravi is the nephew of the daughter-in-law.\"\n}",
    "{\n  \"topic\": \"Blood Relations and Family Tree/Puzzles involving generations and family tree logic\",\n  \"question\": \"In the given family tree, how is A related to Z?\",\n  \"choices\": [\"A) Grandmother\", \"B) Grandfather\", \"C) Aunt\", \"D) Uncle\"],\n  \"answer\": \"A\",\n  \"explanation\": \"A is the only daughter of B, who is the only son of C. Therefore, A is the daughter of C. Z is the son of Y, who is the son of X, and so on back to C. Since A is the daughter of C, she is the grandmother of Z.\"\n}",
    "{\n  \"topic\": \"Blood Relations and Family Tree/Puzzles involving generations and family tree logic\",\n  \"question\": \"In a family tree, Ravi says, 'The son of my maternal grandmother's only son, who is the brother of my paternal aunt's husband, is the father of my cousin's only daughter.' How is Ravi related to the man mentioned in the statement?\",\n  \"choices\": [\"A) A) Father\", \"B) B) Uncle\", \"C) C) Cousin\", \"D) D) Nephew\"],\n  \"answer\": \"D\",\n  \"explanation\": \"Ravi's maternal grandmother's only son is his maternal uncle. The brother of Ravi's paternal aunt's husband is also his maternal uncle. Thus, the son of the uncle is Ravi's cousin. The cousin's only daughter is Ravi's cousin's daughter, making the man Ravi's cousin's father, hence Ravi's nephew.\"\n}",
    "{\n  \"topic\": \"Seating Arrangements (Linear, Circular)\",\n  \"question\": \"Eight people sit in a circular table. The person who likes mangoes is directly opposite the one who likes coffee. The person who likes tea is two seats to the left of the person who likes mangoes. The person who likes juice is seated between the coffee and tea lovers. The person who likes milk is adjacent to the juice lover. Who is seated between the milk and coffee lovers?\",\n  \"choices\": [\"A) A) Tea lover\", \"B) B) Juice lover\", \"C) C) Mango lover\", \"D) D) Milk lover\"],\n  \"answer\": \"C\",\n  \"explanation\": \"Milk is adjacent to juice, which is between coffee and tea. Tea is two left of mango, so mango is opposite coffee. Juice is between coffee and tea, making mango adjacent to juice. Thus, mango is between milk and coffee.\"\n}",
    "{\n  \"topic\": \"Truth-teller and Liar Problems\",\n  \"question\": \"On an island, four inhabitants A, B, C, and D make statements: A says, 'B is a truth-teller.' B says, 'C is a liar.' C says, 'D is a truth-teller.' D says, 'A is a liar.' If exactly two are truth-tellers and two are liars, who is the truth-teller?\",\n  \"choices\": [\"A) A\", \"B) B\", \"C) C\", \"D) D\"],\n  \"answer\": \"A\",\n  \"explanation\": \"Assume A is a truth-teller. Then B is a truth-teller, making C a liar (per B's statement). C's statement that D is a truth-teller is false, so D is a liar. This results in two truth-tellers (A, B) and two liars (C, D), satisfying the condition. Other assumptions lead to contradictions.\"\n}",
    "{\n  \"topic\": \"Seating Arrangements (Linear, Circular)\",\n  \"question\": \"In a circular table with 8 seats, persons A, B, C, D, E, F, G, H are seated. A is two seats to the left of B. C is directly opposite D. E is adjacent to F and G. H is not adjacent to A or C. G is two seats to the right of E. F is not adjacent to H. Who is seated two seats to the right of G?\",\n  \"choices\": [\"A) A\", \"B) B\", \"C) C\", \"D) D\"],\n  \"answer\": \"D\",\n  \"explanation\": \"From clues, G is two right of E, and E is adjacent to F and G. H is not adjacent to A or C, and C is opposite D. A is two left of B. Only D satisfies being two right of G without conflicting with other constraints.\"\n}",
    "{\n  \"topic\": \"Seating Arrangements (Linear, Circular)\",\n  \"question\": \"Eight people are seated in a circle, each facing the center. The person wearing a red shirt is two seats to the left of the person who likes chocolate. The person who likes apples is directly opposite the person who likes oranges. The person wearing a blue shirt is seated between the person who likes strawberries and the person who likes bananas. The person who likes coffee is seated three seats to the right of the person who likes tea. Who is seated between the person who likes strawberries and the person who likes bananas?\",\n  \"choices\": [\"A) The person who likes apples\", \"B) The person who likes oranges\", \"C) The person who likes tea\", \"D) The person who likes chocolate\"],\n  \"answer\": \"A\",\n  \"explanation\": \"The person wearing a blue shirt is between strawberries and bananas, so the person who likes apples must be seated between them. The person who likes apples is directly opposite the person who likes oranges, which confirms the position of apples. The rest of the clues align with this arrangement.\"\n}",
    "{\n  \"topic\": \"Blood Relations and Family Tree/Puzzles involving generations and family tree logic\",\n  \"question\": \"In a family tree, Ravi states, 'My father's only sibling is the mother of my maternal grandmother's only son.' How is Ravi related to his paternal grandfather?\",\n  \"choices\": [\"A) A) Son\", \"B) B) Grandson\", \"C) C) Nephew\", \"D) D) Uncle\"],\n  \"answer\": \"B\",\n  \"explanation\": \"Ravi's father's only sibling is his maternal uncle. The maternal grandmother's only son is Ravi's maternal uncle. Thus, Ravi's paternal grandfather is the father of Ravi's father and the father of Ravi's maternal uncle. Therefore, Ravi is the grandson of his paternal grandfather.\"\n}",
    "{\n  \"topic\": \"Blood Relations and Family Tree/Puzzles involving generations and family tree logic\",\n  \"question\": \"In a family, X says, 'Y is the only son of my father's only daughter, who is the daughter-in-law of my maternal grandmother.' Z is the brother of Y and is the son of the only daughter of my paternal grandfather. How is Z related to X?\",\n  \"choices\": [\"A) A) Brother\", \"B) B) Cousin\", \"C) C) Nephew\", \"D) D) Uncle\"],\n  \"answer\": \"B\",\n  \"explanation\": \"X's father's only daughter is X's sister. The daughter-in-law of X's maternal grandmother is X's mother. Therefore, Y is X's cousin. Z is the brother of Y and son of X's paternal grandfather's only daughter, making Z X's cousin.\"\n}",
    "{\n  \"topic\": \"Seating Arrangements (Linear, Circular)\",\n  \"question\": \"Nine people are seated in a circular table, each facing the center. The person who likes mangoes is seated third to the left of the person who likes grapes. The person who likes oranges is seated immediately between the person who likes apples and the person who likes bananas. The person who likes grapes is seated directly opposite the person who likes apples. The person who likes bananas is seated two seats to the right of the person who likes mangoes. Who is seated two seats to the left of the person who likes bananas?\",\n  \"choices\": [\"A) Person who likes apples\", \"B) Person who likes oranges\", \"C) Person who likes grapes\", \"D) Person who likes mangoes\"],\n  \"answer\": \"B\",\n  \"explanation\": \"The person who likes bananas is two right of mangoes, so mangoes are four left of bananas. Grapes are opposite apples, so apples are directly across from grapes. Oranges are between apples and bananas, making oranges adjacent to both. Thus, oranges are two left of bananas.\"\n}",
    "{\n  \"topic\": \"Seating Arrangements (Linear, Circular)\",\n  \"question\": \"Eight people are seated in a circle. The person wearing a red shirt is seated two seats to the right of the person who likes basketball. The person who likes jazz is seated directly opposite the person who likes cricket. The person wearing a blue shirt is seated three seats to the left of the person who likes football. The person who likes volleyball is seated between the person who likes jazz and the person who likes basketball. Who is seated three seats to the right of the person who likes jazz?\",\n  \"choices\": [\"A) The person who likes football\", \"B) The person wearing a blue shirt\", \"C) The person wearing a red shirt\", \"D) The person who likes volleyball\"],\n  \"answer\": \"C\",\n  \"explanation\": \"The person who likes jazz is opposite the cricket lover. Volleyball is between jazz and basketball. Basketball is two seats right of red shirt. Red shirt is three seats left of football. Jazz is opposite cricket, so three right of jazz is red shirt.\"\n}"
]